imagem_a,imagem_b,phash_a,phash_b,distancia_hamming
01.png,02.png,c4c62e705bb94b17,ceadb0b887c730b8,38
01.png,03.png,c4c62e705bb94b17,afe1283e1c1e0f87,28
01.png,04.png,c4c62e705bb94b17,9fe5b0eac3910786,28
01.png,05.png,c4c62e705bb94b17,d7d39278b09c3c68,34
01.png,06.png,c4c62e705bb94b17,f1c1c3f8e3e33c08,34
01.png,07.png,c4c62e705bb94b17,d87dc6ea848d7485,36
01.png,08.png,c4c62e705bb94b17,b3fc76e0c2c1d960,32
01.png,09.png,c4c62e705bb94b17,c1f817976a09957c,34
01.png,10.png,c4c62e705bb94b17,e23171e2016b9e7d,36
01.png,11.png,c4c62e705bb94b17,d849a5b6926bd31a,30
01.png,12.png,c4c62e705bb94b17,d1d7c6c69498999c,30
01.png,13.png,c4c62e705bb94b17,9b169b969406cee5,40
01.png,14.png,c4c62e705bb94b17,95ee72c46c9e0633,28
01.png,15.png,c4c62e705bb94b17,fa501eacc3a77268,34
01.png,16.png,c4c62e705bb94b17,b49656164d49cbba,26
01.png,17.png,c4c62e705bb94b17,c6197da2b131ec78,34
01.png,18.png,c4c62e705bb94b17,eb5a0626d179d92c,28
01.png,19.png,c4c62e705bb94b17,b2a42dd9933bc0f8,30
01.png,20.png,c4c62e705bb94b17,be8e61709f2340b7,24
01.png,21.png,c4c62e705bb94b17,9cde73211cd74934,26
01.png,22.png,c4c62e705bb94b17,94d4cc63733333ac,26
01.png,23.png,c4c62e705bb94b17,c7b6353c39b13a60,26
01.png,24.png,c4c62e705bb94b17,dbfee4c0808386d7,32
02.png,03.png,ceadb0b887c730b8,afe1283e1c1e0f87,34
02.png,04.png,ceadb0b887c730b8,9fe5b0eac3910786,24
02.png,05.png,ceadb0b887c730b8,d7d39278b09c3c68,28
02.png,06.png,ceadb0b887c730b8,f1c1c3f8e3e33c08,26
02.png,07.png,ceadb0b887c730b8,d87dc6ea848d7485,26
02.png,08.png,ceadb0b887c730b8,b3fc76e0c2c1d960,30
02.png,09.png,ceadb0b887c730b8,c1f817976a09957c,36
02.png,10.png,ceadb0b887c730b8,e23171e2016b9e7d,30
02.png,11.png,ceadb0b887c730b8,d849a5b6926bd31a,28
02.png,12.png,ceadb0b887c730b8,d1d7c6c69498999c,36
02.png,13.png,ceadb0b887c730b8,9b169b969406cee5,36
02.png,14.png,ceadb0b887c730b8,95ee72c46c9e0633,34
02.png,15.png,ceadb0b887c730b8,fa501eacc3a77268,26
02.png,16.png,ceadb0b887c730b8,b49656164d49cbba,36
02.png,17.png,ceadb0b887c730b8,c6197da2b131ec78,30
02.png,18.png,ceadb0b887c730b8,eb5a0626d179d92c,38
02.png,19.png,ceadb0b887c730b8,b2a42dd9933bc0f8,28
02.png,20.png,ceadb0b887c730b8,be8e61709f2340b7,26
02.png,21.png,ceadb0b887c730b8,9cde73211cd74934,30
02.png,22.png,ceadb0b887c730b8,94d4cc63733333ac,34
02.png,23.png,ceadb0b887c730b8,c7b6353c39b13a60,28
02.png,24.png,ceadb0b887c730b8,dbfee4c0808386d7,30
03.png,04.png,afe1283e1c1e0f87,9fe5b0eac3910786,24
03.png,05.png,afe1283e1c1e0f87,d7d39278b09c3c68,32
03.png,06.png,afe1283e1c1e0f87,f1c1c3f8e3e33c08,40
03.png,07.png,afe1283e1c1e0f87,d87dc6ea848d7485,34
03.png,08.png,afe1283e1c1e0f87,b3fc76e0c2c1d960,42
03.png,09.png,afe1283e1c1e0f87,c1f817976a09957c,38
03.png,10.png,afe1283e1c1e0f87,e23171e2016b9e7d,34
03.png,11.png,afe1283e1c1e0f87,d849a5b6926bd31a,34
03.png,12.png,afe1283e1c1e0f87,d1d7c6c69498999c,34
03.png,13.png,afe1283e1c1e0f87,9b169b969406cee5,28
03.png,14.png,afe1283e1c1e0f87,95ee72c46c9e0633,28
03.png,15.png,afe1283e1c1e0f87,fa501eacc3a77268,40
03.png,16.png,afe1283e1c1e0f87,b49656164d49cbba,34
03.png,17.png,afe1283e1c1e0f87,c6197da2b131ec78,40
03.png,18.png,afe1283e1c1e0f87,eb5a0626d179d92c,34
03.png,19.png,afe1283e1c1e0f87,b2a42dd9933bc0f8,36
03.png,20.png,afe1283e1c1e0f87,be8e61709f2340b7,30
03.png,21.png,afe1283e1c1e0f87,9cde73211cd74934,32
03.png,22.png,afe1283e1c1e0f87,94d4cc63733333ac,36
03.png,23.png,afe1283e1c1e0f87,c7b6353c39b13a60,32
03.png,24.png,afe1283e1c1e0f87,dbfee4c0808386d7,34
04.png,05.png,9fe5b0eac3910786,d7d39278b09c3c68,30
04.png,06.png,9fe5b0eac3910786,f1c1c3f8e3e33c08,28
04.png,07.png,9fe5b0eac3910786,d87dc6ea848d7485,26
04.png,08.png,9fe5b0eac3910786,b3fc76e0c2c1d960,26
04.png,09.png,9fe5b0eac3910786,c1f817976a09957c,36
04.png,10.png,9fe5b0eac3910786,e23171e2016b9e7d,34
04.png,11.png,9fe5b0eac3910786,d849a5b6926bd31a,32
04.png,12.png,9fe5b0eac3910786,d1d7c6c69498999c,30
04.png,13.png,9fe5b0eac3910786,9b169b969406cee5,34
04.png,14.png,9fe5b0eac3910786,95ee72c46c9e0633,28
04.png,15.png,9fe5b0eac3910786,fa501eacc3a77268,32
04.png,16.png,9fe5b0eac3910786,b49656164d49cbba,36
04.png,17.png,9fe5b0eac3910786,c6197da2b131ec78,36
04.png,18.png,9fe5b0eac3910786,eb5a0626d179d92c,36
04.png,19.png,9fe5b0eac3910786,b2a42dd9933bc0f8,32
04.png,20.png,9fe5b0eac3910786,be8e61709f2340b7,30
04.png,21.png,9fe5b0eac3910786,9cde73211cd74934,34
04.png,22.png,9fe5b0eac3910786,94d4cc63733333ac,26
04.png,23.png,9fe5b0eac3910786,c7b6353c39b13a60,32
04.png,24.png,9fe5b0eac3910786,dbfee4c0808386d7,22
05.png,06.png,d7d39278b09c3c68,f1c1c3f8e3e33c08,22
05.png,07.png,d7d39278b09c3c68,d87dc6ea848d7485,28
05.png,08.png,d7d39278b09c3c68,b3fc76e0c2c1d960,30
05.png,09.png,d7d39278b09c3c68,c1f817976a09957c,32
05.png,10.png,d7d39278b09c3c68,e23171e2016b9e7d,34
05.png,11.png,d7d39278b09c3c68,d849a5b6926bd31a,38
05.png,12.png,d7d39278b09c3c68,d1d7c6c69498999c,24
05.png,13.png,d7d39278b09c3c68,9b169b969406cee5,30
05.png,14.png,d7d39278b09c3c68,95ee72c46c9e0633,30
05.png,15.png,d7d39278b09c3c68,fa501eacc3a77268,28
05.png,16.png,d7d39278b09c3c68,b49656164d49cbba,38
05.png,17.png,d7d39278b09c3c68,c6197da2b131ec78,28
05.png,18.png,d7d39278b09c3c68,eb5a0626d179d92c,30
05.png,19.png,d7d39278b09c3c68,b2a42dd9933bc0f8,36
05.png,20.png,d7d39278b09c3c68,be8e61709f2340b7,40
05.png,21.png,d7d39278b09c3c68,9cde73211cd74934,32
05.png,22.png,d7d39278b09c3c68,94d4cc63733333ac,32
05.png,23.png,d7d39278b09c3c68,c7b6353c39b13a60,22
05.png,24.png,d7d39278b09c3c68,dbfee4c0808386d7,34
06.png,07.png,f1c1c3f8e3e33c08,d87dc6ea848d7485,28
06.png,08.png,f1c1c3f8e3e33c08,b3fc76e0c2c1d960,26
06.png,09.png,f1c1c3f8e3e33c08,c1f817976a09957c,32
06.png,10.png,f1c1c3f8e3e33c08,e23171e2016b9e7d,28
06.png,11.png,f1c1c3f8e3e33c08,d849a5b6926bd31a,28
06.png,12.png,f1c1c3f8e3e33c08,d1d7c6c69498999c,30
06.png,13.png,f1c1c3f8e3e33c08,9b169b969406cee5,40
06.png,14.png,f1c1c3f8e3e33c08,95ee72c46c9e0633,36
06.png,15.png,f1c1c3f8e3e33c08,fa501eacc3a77268,24
06.png,16.png,f1c1c3f8e3e33c08,b49656164d49cbba,38
06.png,17.png,f1c1c3f8e3e33c08,c6197da2b131ec78,32
06.png,18.png,f1c1c3f8e3e33c08,eb5a0626d179d92c,32
06.png,19.png,f1c1c3f8e3e33c08,b2a42dd9933bc0f8,32
06.png,20.png,f1c1c3f8e3e33c08,be8e61709f2340b7,34
06.png,21.png,f1c1c3f8e3e33c08,9cde73211cd74934,38
06.png,22.png,f1c1c3f8e3e33c08,94d4cc63733333ac,28
06.png,23.png,f1c1c3f8e3e33c08,c7b6353c39b13a60,32
06.png,24.png,f1c1c3f8e3e33c08,dbfee4c0808386d7,34
07.png,08.png,d87dc6ea848d7485,b3fc76e0c2c1d960,28
07.png,09.png,d87dc6ea848d7485,c1f817976a09957c,34
07.png,10.png,d87dc6ea848d7485,e23171e2016b9e7d,32
07.png,11.png,d87dc6ea848d7485,d849a5b6926bd31a,30
07.png,12.png,d87dc6ea848d7485,d1d7c6c69498999c,22
07.png,13.png,d87dc6ea848d7485,9b169b969406cee5,30
07.png,14.png,d87dc6ea848d7485,95ee72c46c9e0633,32
07.png,15.png,d87dc6ea848d7485,fa501eacc3a77268,28
07.png,16.png,d87dc6ea848d7485,b49656164d49cbba,38
07.png,17.png,d87dc6ea848d7485,c6197da2b131ec78,34
07.png,18.png,d87dc6ea848d7485,eb5a0626d179d92c,32
07.png,19.png,d87dc6ea848d7485,b2a42dd9933bc0f8,38
07.png,20.png,d87dc6ea848d7485,be8e61709f2340b7,34
07.png,21.png,d87dc6ea848d7485,9cde73211cd74934,32
07.png,22.png,d87dc6ea848d7485,94d4cc63733333ac,32
07.png,23.png,d87dc6ea848d7485,c7b6353c39b13a60,40
07.png,24.png,d87dc6ea848d7485,dbfee4c0808386d7,22
08.png,09.png,b3fc76e0c2c1d960,c1f817976a09957c,26
08.png,10.png,b3fc76e0c2c1d960,e23171e2016b9e7d,28
08.png,11.png,b3fc76e0c2c1d960,d849a5b6926bd31a,32
08.png,12.png,b3fc76e0c2c1d960,d1d7c6c69498999c,28
08.png,13.png,b3fc76e0c2c1d960,9b169b969406cee5,34
08.png,14.png,b3fc76e0c2c1d960,95ee72c46c9e0633,30
08.png,15.png,b3fc76e0c2c1d960,fa501eacc3a77268,24
08.png,16.png,b3fc76e0c2c1d960,b49656164d49cbba,28
08.png,17.png,b3fc76e0c2c1d960,c6197da2b131ec78,30
08.png,18.png,b3fc76e0c2c1d960,eb5a0626d179d92c,24
08.png,19.png,b3fc76e0c2c1d960,b2a42dd9933bc0f8,28
08.png,20.png,b3fc76e0c2c1d960,be8e61709f2340b7,32
08.png,21.png,b3fc76e0c2c1d960,9cde73211cd74934,26
08.png,22.png,b3fc76e0c2c1d960,94d4cc63733333ac,32
08.png,23.png,b3fc76e0c2c1d960,c7b6353c39b13a60,30
08.png,24.png,b3fc76e0c2c1d960,dbfee4c0808386d7,24
09.png,10.png,c1f817976a09957c,e23171e2016b9e7d,28
09.png,11.png,c1f817976a09957c,d849a5b6926bd31a,28
09.png,12.png,c1f817976a09957c,d1d7c6c69498999c,28
09.png,13.png,c1f817976a09957c,9b169b969406cee5,34
09.png,14.png,c1f817976a09957c,95ee72c46c9e0633,30
09.png,15.png,c1f817976a09957c,fa501eacc3a77268,32
09.png,16.png,c1f817976a09957c,b49656164d49cbba,28
09.png,17.png,c1f817976a09957c,c6197da2b131ec78,30
09.png,18.png,c1f817976a09957c,eb5a0626d179d92c,26
09.png,19.png,c1f817976a09957c,b2a42dd9933bc0f8,32
09.png,20.png,c1f817976a09957c,be8e61709f2340b7,42
09.png,21.png,c1f817976a09957c,9cde73211cd74934,34
09.png,22.png,c1f817976a09957c,94d4cc63733333ac,32
09.png,23.png,c1f817976a09957c,c7b6353c39b13a60,30
09.png,24.png,c1f817976a09957c,dbfee4c0808386d7,32
10.png,11.png,e23171e2016b9e7d,d849a5b6926bd31a,28
10.png,12.png,e23171e2016b9e7d,d1d7c6c69498999c,34
10.png,13.png,e23171e2016b9e7d,9b169b969406cee5,32
10.png,14.png,e23171e2016b9e7d,95ee72c46c9e0633,36
10.png,15.png,e23171e2016b9e7d,fa501eacc3a77268,30
10.png,16.png,e23171e2016b9e7d,b49656164d49cbba,32
10.png,17.png,e23171e2016b9e7d,c6197da2b131ec78,20
10.png,18.png,e23171e2016b9e7d,eb5a0626d179d92c,28
10.png,19.png,e23171e2016b9e7d,b2a42dd9933bc0f8,28
10.png,20.png,e23171e2016b9e7d,be8e61709f2340b7,32
10.png,21.png,e23171e2016b9e7d,9cde73211cd74934,36
10.png,22.png,e23171e2016b9e7d,94d4cc63733333ac,34
10.png,23.png,e23171e2016b9e7d,c7b6353c39b13a60,30
10.png,24.png,e23171e2016b9e7d,dbfee4c0808386d7,28
11.png,12.png,d849a5b6926bd31a,d1d7c6c69498999c,28
11.png,13.png,d849a5b6926bd31a,9b169b969406cee5,34
11.png,14.png,d849a5b6926bd31a,95ee72c46c9e0633,40
11.png,15.png,d849a5b6926bd31a,fa501eacc3a77268,28
11.png,16.png,d849a5b6926bd31a,b49656164d49cbba,32
11.png,17.png,d849a5b6926bd31a,c6197da2b131ec78,28
11.png,18.png,d849a5b6926bd31a,eb5a0626d179d92c,24
11.png,19.png,d849a5b6926bd31a,b2a42dd9933bc0f8,28
11.png,20.png,d849a5b6926bd31a,be8e61709f2340b7,30
11.png,21.png,d849a5b6926bd31a,9cde73211cd74934,34
11.png,22.png,d849a5b6926bd31a,94d4cc63733333ac,32
11.png,23.png,d849a5b6926bd31a,c7b6353c39b13a60,38
11.png,24.png,d849a5b6926bd31a,dbfee4c0808386d7,30
12.png,13.png,d1d7c6c69498999c,9b169b969406cee5,28
12.png,14.png,d1d7c6c69498999c,95ee72c46c9e0633,30
12.png,15.png,d1d7c6c69498999c,fa501eacc3a77268,38
12.png,16.png,d1d7c6c69498999c,b49656164d49cbba,26
12.png,17.png,d1d7c6c69498999c,c6197da2b131ec78,34
12.png,18.png,d1d7c6c69498999c,eb5a0626d179d92c,24
12.png,19.png,d1d7c6c69498999c,b2a42dd9933bc0f8,34
12.png,20.png,d1d7c6c69498999c,be8e61709f2340b7,38
12.png,21.png,d1d7c6c69498999c,9cde73211cd74934,30
12.png,22.png,d1d7c6c69498999c,94d4cc63733333ac,28
12.png,23.png,d1d7c6c69498999c,c7b6353c39b13a60,36
12.png,24.png,d1d7c6c69498999c,dbfee4c0808386d7,24
13.png,14.png,9b169b969406cee5,95ee72c46c9e0633,32
13.png,15.png,9b169b969406cee5,fa501eacc3a77268,30
13.png,16.png,9b169b969406cee5,b49656164d49cbba,30
13.png,17.png,9b169b969406cee5,c6197da2b131ec78,32
13.png,18.png,9b169b969406cee5,eb5a0626d179d92c,32
13.png,19.png,9b169b969406cee5,b2a42dd9933bc0f8,32
13.png,20.png,9b169b969406cee5,be8e61709f2340b7,30
13.png,21.png,9b169b969406cee5,9cde73211cd74934,30
13.png,22.png,9b169b969406cee5,94d4cc63733333ac,38
13.png,23.png,9b169b969406cee5,c7b6353c39b13a60,34
13.png,24.png,9b169b969406cee5,dbfee4c0808386d7,26
14.png,15.png,95ee72c46c9e0633,fa501eacc3a77268,38
14.png,16.png,95ee72c46c9e0633,b49656164d49cbba,28
14.png,17.png,95ee72c46c9e0633,c6197da2b131ec78,40
14.png,18.png,95ee72c46c9e0633,eb5a0626d179d92c,42
14.png,19.png,95ee72c46c9e0633,b2a42dd9933bc0f8,38
14.png,20.png,95ee72c46c9e0633,be8e61709f2340b7,30
14.png,21.png,95ee72c46c9e0633,9cde73211cd74934,24
14.png,22.png,95ee72c46c9e0633,94d4cc63733333ac,36
14.png,23.png,95ee72c46c9e0633,c7b6353c39b13a60,32
14.png,24.png,95ee72c46c9e0633,dbfee4c0808386d7,24
15.png,16.png,fa501eacc3a77268,b49656164d49cbba,34
15.png,17.png,fa501eacc3a77268,c6197da2b131ec78,28
15.png,18.png,fa501eacc3a77268,eb5a0626d179d92c,24
15.png,19.png,fa501eacc3a77268,b2a42dd9933bc0f8,28
15.png,20.png,fa501eacc3a77268,be8e61709f2340b7,36
15.png,21.png,fa501eacc3a77268,9cde73211cd74934,36
15.png,22.png,fa501eacc3a77268,94d4cc63733333ac,28
15.png,23.png,fa501eacc3a77268,c7b6353c39b13a60,28
15.png,24.png,fa501eacc3a77268,dbfee4c0808386d7,34
16.png,17.png,b49656164d49cbba,c6197da2b131ec78,34
16.png,18.png,b49656164d49cbba,eb5a0626d179d92c,26
16.png,19.png,b49656164d49cbba,b2a42dd9933bc0f8,32
16.png,20.png,b49656164d49cbba,be8e61709f2340b7,28
16.png,21.png,b49656164d49cbba,9cde73211cd74934,26
16.png,22.png,b49656164d49cbba,94d4cc63733333ac,30
16.png,23.png,b49656164d49cbba,c7b6353c39b13a60,32
16.png,24.png,b49656164d49cbba,dbfee4c0808386d7,36
17.png,18.png,c6197da2b131ec78,eb5a0626d179d92c,26
17.png,19.png,c6197da2b131ec78,b2a42dd9933bc0f8,26
17.png,20.png,c6197da2b131ec78,be8e61709f2340b7,32
17.png,21.png,c6197da2b131ec78,9cde73211cd74934,32
17.png,22.png,c6197da2b131ec78,94d4cc63733333ac,30
17.png,23.png,c6197da2b131ec78,c7b6353c39b13a60,24
17.png,24.png,c6197da2b131ec78,dbfee4c0808386d7,34
18.png,19.png,eb5a0626d179d92c,b2a42dd9933bc0f8,34
18.png,20.png,eb5a0626d179d92c,be8e61709f2340b7,34
18.png,21.png,eb5a0626d179d92c,9cde73211cd74934,30
18.png,22.png,eb5a0626d179d92c,94d4cc63733333ac,30
18.png,23.png,eb5a0626d179d92c,c7b6353c39b13a60,30
18.png,24.png,eb5a0626d179d92c,dbfee4c0808386d7,36
19.png,20.png,b2a42dd9933bc0f8,be8e61709f2340b7,22
19.png,21.png,b2a42dd9933bc0f8,9cde73211cd74934,36
19.png,22.png,b2a42dd9933bc0f8,94d4cc63733333ac,28
19.png,23.png,b2a42dd9933bc0f8,c7b6353c39b13a60,30
19.png,24.png,b2a42dd9933bc0f8,dbfee4c0808386d7,30
20.png,21.png,be8e61709f2340b7,9cde73211cd74934,22
20.png,22.png,be8e61709f2340b7,94d4cc63733333ac,30
20.png,23.png,be8e61709f2340b7,c7b6353c39b13a60,32
20.png,24.png,be8e61709f2340b7,dbfee4c0808386d7,26
21.png,22.png,9cde73211cd74934,94d4cc63733333ac,30
21.png,23.png,9cde73211cd74934,c7b6353c39b13a60,30
21.png,24.png,9cde73211cd74934,dbfee4c0808386d7,32
22.png,23.png,94d4cc63733333ac,c7b6353c39b13a60,30
22.png,24.png,94d4cc63733333ac,dbfee4c0808386d7,34
23.png,24.png,c7b6353c39b13a60,dbfee4c0808386d7,34
